<?xml version="1.0" encoding="UTF-8" standalone="yes"?>
    <addon id="repository.roytonbuilds" name="Royton Builds Repository" version="2.1" provider-name="Sean Sco">
        <requires>
            <import addon="xbmc.addon" version="12.0.0"/>
        </requires>
        <extension point="xbmc.addon.repository" name="Royton Builds Repository">
        	<dir>
            <<info compressed="false">https://raw.githubusercontent.com/Sting20013/roytonbuilds/master/zips/addons.xml</info>
            <checksum>https://raw.githubusercontent.com/Sting20013/roytonbuilds/master/zips/addons.xml.md5</checksum>
            <datadir zip="true">https://raw.githubusercontent.com/Sting20013/roytonbuilds/master/zips/</datadir>
            <hashes>false</hashes>
            </dir>
			<dir>
		    <info compressed="false">https://raw.githubusercontent.com/teamuniversal/scrapers/master/_modules4all/zips/addons.xml</info>
            <checksum>https://raw.githubusercontent.com/teamuniversal/scrapers/master/_modules4all/zips/addons.xml.md5</checksum>
            <datadir zip="true">https://raw.githubusercontent.com/teamuniversal/scrapers/master/_modules4all/zips/</datadir>
            <hashes>false</hashes>
			</dir>
			<dir>
            <info compressed="false">https://raw.githubusercontent.com/totalrevolution/python-koding/master/zips/addons.xml</info>
            <checksum>https://raw.githubusercontent.com/totalrevolution/python-koding/master/zips/addons.xml.md5</checksum>
            <datadir zip="true">https://raw.githubusercontent.com/totalrevolution/python-koding/master/zips/</datadir>
            </dir>
            <dir>
            <info compressed="false">https://raw.githubusercontent.com/jenaddon/repository.jenrepo/master/zips/addons.xml</info>
            <checksum>https://raw.githubusercontent.com/jenaddon/repository.jenrepo/master/zips/addons.xml.md5</checksum>
            <datadir zip="true">https://raw.githubusercontent.com/jenaddon/repository.jenrepo/master/zips/</datadir>
            <hashes>false</hashes>
            </dir>	
			<dir>
            <info compressed="false">https://raw.githubusercontent.com/a4k-openproject/repository.openscrapers/master/zips/addons.xml</info>
            <checksum>https://raw.githubusercontent.com/a4k-openproject/repository.openscrapers/master/zips/addons.xml.md5</checksum>
            <datadir zip="true">https://raw.githubusercontent.com/a4k-openproject/repository.openscrapers/master/zips/</datadir>
        </dir>
		<dir>
    <info compressed="false">https://raw.githubusercontent.com/Gujal00/smrzips/master/addons.xml</info>
    <checksum>https://raw.githubusercontent.com/Gujal00/smrzips/master/addons.xml.md5</checksum>
    <datadir zip="true">https://raw.githubusercontent.com/Gujal00/smrzips/master/zips/</datadir>
</dir>
        </extension>
        <extension point="xbmc.addon.metadata">
            <summary>Official Royton Builds Repository</summary>
            <description>Welcome to Royton Builds repo. Please enjoy</description>
            <platform>all</platform>
            <genre></genre>
			<assets>
			    <icon>icon.png</icon>
			</assets>
        </extension>
    </addon>
	
